Lmax,Lr,dt,dr,kappa,NR
1.000000e+01,1.000000e+00,1.000000e-03,1.000000e-01,1.000000e+00,101
