Lmax,Lr,dt,dr,kappa,NR
1.000000e+00,1.000000e+00,1.000000e-02,1.000000e-02,1.000000e+00,101
